file_path,input_deepth,vul_deepth
..\gpickle\avr-code-gallery_10.gpickle,2,2
..\gpickle\avr-code-gallery_11.gpickle,1,1
..\gpickle\avr-code-gallery_12.gpickle,1,1
..\gpickle\avr-code-gallery_13.gpickle,0,0
..\gpickle\avr-code-gallery_14.gpickle,0,0
..\gpickle\avr-code-gallery_15.gpickle,7,3
..\gpickle\avr-code-gallery_16.gpickle,7,2
..\gpickle\avr-code-gallery_17.gpickle,2,2
..\gpickle\avr-code-gallery_18.gpickle,2,3
..\gpickle\avr-code-gallery_6.gpickle,7,2
..\gpickle\avr-code-gallery_7.gpickle,0,0
..\gpickle\avr-code-gallery_8.gpickle,0,0
..\gpickle\avr-code-gallery_9.gpickle,4,2
..\gpickle\AVR-Keyboard_0.gpickle,4,4
..\gpickle\AVR-Programming_0.gpickle,1,1
..\gpickle\AVR-Programming_1.gpickle,1,1
..\gpickle\AVR-Programming_10.gpickle,0,0
..\gpickle\AVR-Programming_11.gpickle,0,0
..\gpickle\AVR-Programming_12.gpickle,1,1
..\gpickle\AVR-Programming_13.gpickle,1,1
..\gpickle\AVR-Programming_14.gpickle,3,3
..\gpickle\AVR-Programming_15.gpickle,1,1
..\gpickle\AVR-Programming_16.gpickle,0,0
..\gpickle\AVR-Programming_17.gpickle,1,1
..\gpickle\AVR-Programming_18.gpickle,1,2
..\gpickle\AVR-Programming_19.gpickle,1,1
..\gpickle\AVR-Programming_2.gpickle,6,3
..\gpickle\AVR-Programming_20.gpickle,4,3
..\gpickle\AVR-Programming_21.gpickle,0,0
..\gpickle\AVR-Programming_22.gpickle,4,2
..\gpickle\AVR-Programming_23.gpickle,1,1
..\gpickle\AVR-Programming_24.gpickle,1,1
..\gpickle\AVR-Programming_25.gpickle,3,0
..\gpickle\AVR-Programming_26.gpickle,1,1
..\gpickle\AVR-Programming_27.gpickle,1,1
..\gpickle\AVR-Programming_28.gpickle,11,5
..\gpickle\AVR-Programming_29.gpickle,0,0
..\gpickle\AVR-Programming_3.gpickle,0,0
..\gpickle\AVR-Programming_30.gpickle,1,1
..\gpickle\AVR-Programming_31.gpickle,2,0
..\gpickle\AVR-Programming_32.gpickle,3,4
..\gpickle\AVR-Programming_33.gpickle,1,1
..\gpickle\AVR-Programming_34.gpickle,0,0
..\gpickle\AVR-Programming_35.gpickle,0,0
..\gpickle\AVR-Programming_36.gpickle,2,1
..\gpickle\AVR-Programming_37.gpickle,0,0
..\gpickle\AVR-Programming_38.gpickle,2,4
..\gpickle\AVR-Programming_39.gpickle,0,0
..\gpickle\AVR-Programming_4.gpickle,1,1
..\gpickle\AVR-Programming_40.gpickle,0,0
..\gpickle\AVR-Programming_41.gpickle,0,0
..\gpickle\AVR-Programming_42.gpickle,3,0
..\gpickle\AVR-Programming_43.gpickle,0,0
..\gpickle\AVR-Programming_44.gpickle,1,1
..\gpickle\AVR-Programming_45.gpickle,2,2
..\gpickle\AVR-Programming_46.gpickle,1,2
..\gpickle\AVR-Programming_47.gpickle,1,1
..\gpickle\AVR-Programming_48.gpickle,1,1
..\gpickle\AVR-Programming_49.gpickle,1,1
..\gpickle\AVR-Programming_5.gpickle,0,0
..\gpickle\AVR-Programming_50.gpickle,1,2
..\gpickle\AVR-Programming_51.gpickle,0,0
..\gpickle\AVR-Programming_52.gpickle,0,0
..\gpickle\AVR-Programming_53.gpickle,2,4
..\gpickle\AVR-Programming_54.gpickle,2,1
..\gpickle\AVR-Programming_55.gpickle,7,2
..\gpickle\AVR-Programming_56.gpickle,1,1
..\gpickle\AVR-Programming_57.gpickle,1,1
..\gpickle\AVR-Programming_58.gpickle,2,1
..\gpickle\AVR-Programming_59.gpickle,1,1
..\gpickle\AVR-Programming_6.gpickle,0,0
..\gpickle\AVR-Programming_60.gpickle,0,0
..\gpickle\AVR-Programming_61.gpickle,1,2
..\gpickle\AVR-Programming_62.gpickle,0,0
..\gpickle\AVR-Programming_7.gpickle,1,1
..\gpickle\AVR-Programming_8.gpickle,0,0
..\gpickle\AVR-Programming_9.gpickle,0,0
..\gpickle\AVR-projects_0.gpickle,0,0
..\gpickle\AVR-projects_1.gpickle,10,7
..\gpickle\AVR-projects_10.gpickle,10,3
..\gpickle\AVR-projects_11.gpickle,0,0
..\gpickle\AVR-projects_12.gpickle,0,0
..\gpickle\AVR-projects_13.gpickle,3,4
..\gpickle\AVR-projects_14.gpickle,0,0
..\gpickle\AVR-projects_15.gpickle,1,1
..\gpickle\AVR-projects_16.gpickle,0,0
..\gpickle\AVR-projects_17.gpickle,2,3
..\gpickle\AVR-projects_18.gpickle,1,1
..\gpickle\AVR-projects_19.gpickle,0,0
..\gpickle\AVR-projects_2.gpickle,3,2
..\gpickle\AVR-projects_20.gpickle,1,1
..\gpickle\AVR-projects_21.gpickle,1,1
..\gpickle\AVR-projects_22.gpickle,2,4
..\gpickle\AVR-projects_23.gpickle,7,2
..\gpickle\AVR-projects_24.gpickle,12,3
..\gpickle\AVR-projects_25.gpickle,1,1
..\gpickle\AVR-projects_26.gpickle,0,0
..\gpickle\AVR-projects_27.gpickle,1,2
..\gpickle\AVR-projects_28.gpickle,0,0
..\gpickle\AVR-projects_29.gpickle,12,1
..\gpickle\AVR-projects_3.gpickle,0,0
..\gpickle\AVR-projects_30.gpickle,0,0
..\gpickle\AVR-projects_31.gpickle,17,5
..\gpickle\AVR-projects_32.gpickle,4,4
..\gpickle\AVR-projects_33.gpickle,2,2
..\gpickle\AVR-projects_34.gpickle,0,0
..\gpickle\AVR-projects_35.gpickle,1,1
..\gpickle\AVR-projects_36.gpickle,5,1
..\gpickle\AVR-projects_37.gpickle,12,3
..\gpickle\AVR-projects_38.gpickle,1,1
..\gpickle\AVR-projects_39.gpickle,0,0
..\gpickle\AVR-projects_4.gpickle,1,1
..\gpickle\AVR-projects_40.gpickle,10,3
..\gpickle\AVR-projects_5.gpickle,0,0
..\gpickle\AVR-projects_6.gpickle,0,0
..\gpickle\AVR-projects_7.gpickle,10,5
..\gpickle\AVR-projects_8.gpickle,1,1
..\gpickle\AVR-projects_9.gpickle,1,1
..\gpickle\avs4x26x_0.gpickle,97,8
..\gpickle\Awesome-WiFi-CSI-Research_0.gpickle,16,3
..\gpickle\Awesome-WiFi-CSI-Research_1.gpickle,2,2
..\gpickle\Awesome-WiFi-CSI-Research_2.gpickle,13,6
..\gpickle\Awesome-WiFi-CSI-Research_3.gpickle,4,2
..\gpickle\Awesome-WiFi-CSI-Research_4.gpickle,7,2
..\gpickle\Awesome-WiFi-CSI-Research_5.gpickle,8,3
..\gpickle\Awesome-WiFi-CSI-Research_6.gpickle,7,2
..\gpickle\Awesome-Windows-Debug_0.gpickle,9,5
..\gpickle\aws-iot-device-sdk-embedded-C_0.gpickle,24,26
..\gpickle\aws-iot-device-sdk-embedded-C_1.gpickle,21,26
..\gpickle\aws-iot-device-sdk-embedded-C_2.gpickle,21,22
..\gpickle\aws-iot-device-sdk-embedded-C_3.gpickle,24,28
..\gpickle\aws-iot-device-sdk-embedded-C_4.gpickle,21,22
..\gpickle\aws-iot-device-sdk-embedded-C_5.gpickle,24,25
..\gpickle\aws-iot-device-sdk-embedded-C_6.gpickle,24,22
..\gpickle\backdoor_mmap_tools_0.gpickle,8,7
..\gpickle\backdoor_mmap_tools_1.gpickle,5,6
..\gpickle\backdoor_mmap_tools_10.gpickle,6,5
..\gpickle\backdoor_mmap_tools_11.gpickle,5,4
..\gpickle\backdoor_mmap_tools_12.gpickle,14,5
..\gpickle\backdoor_mmap_tools_13.gpickle,3,6
..\gpickle\backdoor_mmap_tools_14.gpickle,15,10
..\gpickle\backdoor_mmap_tools_15.gpickle,3,4
..\gpickle\backdoor_mmap_tools_16.gpickle,4,6
..\gpickle\backdoor_mmap_tools_2.gpickle,4,6
..\gpickle\backdoor_mmap_tools_3.gpickle,3,6
..\gpickle\backdoor_mmap_tools_4.gpickle,4,6
..\gpickle\backdoor_mmap_tools_5.gpickle,4,3
..\gpickle\backdoor_mmap_tools_6.gpickle,3,3
..\gpickle\backdoor_mmap_tools_7.gpickle,8,6
..\gpickle\backdoor_mmap_tools_8.gpickle,3,6
..\gpickle\backdoor_mmap_tools_9.gpickle,12,9
..\gpickle\baidudl_0.gpickle,11,17
..\gpickle\baidudl_1.gpickle,3,4
..\gpickle\baidudl_2.gpickle,4,5
..\gpickle\baidudl_3.gpickle,3,3
..\gpickle\baidudl_4.gpickle,8,6
..\gpickle\bank_0.gpickle,13,11
..\gpickle\BareMetal-lwIP_0.gpickle,21,9
..\gpickle\BareMetal-lwIP_1.gpickle,11,12
..\gpickle\base64_0.gpickle,7,4
..\gpickle\base64_1.gpickle,1,1
..\gpickle\bashreduce_0.gpickle,4,2
..\gpickle\bashreduce_1.gpickle,5,3
..\gpickle\bashu-onlinejudge_0.gpickle,5,1
..\gpickle\bashu-onlinejudge_1.gpickle,2,1
..\gpickle\bashu-onlinejudge_10.gpickle,2,0
..\gpickle\bashu-onlinejudge_11.gpickle,7,3
..\gpickle\bashu-onlinejudge_12.gpickle,0,0
..\gpickle\bashu-onlinejudge_13.gpickle,4,3
..\gpickle\bashu-onlinejudge_14.gpickle,1,0
..\gpickle\bashu-onlinejudge_2.gpickle,17,4
..\gpickle\bashu-onlinejudge_3.gpickle,6,3
..\gpickle\bashu-onlinejudge_4.gpickle,0,0
..\gpickle\bashu-onlinejudge_5.gpickle,2,3
..\gpickle\bashu-onlinejudge_6.gpickle,2,2
..\gpickle\bashu-onlinejudge_7.gpickle,0,0
..\gpickle\bashu-onlinejudge_8.gpickle,13,12
..\gpickle\bashu-onlinejudge_9.gpickle,0,0
..\gpickle\BasicHook_0.gpickle,51,7
..\gpickle\bcal_0.gpickle,20,15
..\gpickle\bdsync_0.gpickle,21,12
..\gpickle\beaglebot_0.gpickle,5,3
..\gpickle\BeagleLogic_0.gpickle,3,3
..\gpickle\BeagleLogic_1.gpickle,0,0
..\gpickle\BeagleLogic_2.gpickle,7,3
..\gpickle\BeagleLogic_3.gpickle,0,0
..\gpickle\beansdb_0.gpickle,38,28
..\gpickle\beansdb_1.gpickle,38,39
..\gpickle\beanstalk-client_0.gpickle,1,1
..\gpickle\beanstalk-client_1.gpickle,14,5
..\gpickle\beanstalk-client_2.gpickle,14,5
..\gpickle\beanstalk-client_3.gpickle,14,6
..\gpickle\beanstalk-client_4.gpickle,14,7
..\gpickle\bedrocklinux-userland_0.gpickle,8,3
..\gpickle\bedrocklinux-userland_1.gpickle,13,4
..\gpickle\bedrocklinux-userland_2.gpickle,6,3
..\gpickle\bedrocklinux-userland_3.gpickle,6,0
..\gpickle\Befungell_0.gpickle,19,4
..\gpickle\Beleth_0.gpickle,13,8
..\gpickle\bemenu_0.gpickle,13,10
..\gpickle\bemenu_1.gpickle,13,10
..\gpickle\beru_0.gpickle,18,5
..\gpickle\beru_1.gpickle,18,9
..\gpickle\BetterSpades_0.gpickle,54,21
..\gpickle\bfs_0.gpickle,18,23
..\gpickle\bgs_0.gpickle,4,3
..\gpickle\bgt_0.gpickle,22,9
..\gpickle\bgt_1.gpickle,68,20
..\gpickle\bicon_0.gpickle,11,11
..\gpickle\bicon_1.gpickle,11,9
..\gpickle\bicon_2.gpickle,11,9
..\gpickle\bicon_3.gpickle,1,2
..\gpickle\bicon_4.gpickle,6,6
..\gpickle\binarybook_0.gpickle,4,8
..\gpickle\binarybook_1.gpickle,0,0
..\gpickle\binarybook_10.gpickle,7,3
..\gpickle\binarybook_11.gpickle,7,8
..\gpickle\binarybook_12.gpickle,0,0
..\gpickle\binarybook_13.gpickle,8,10
..\gpickle\binarybook_14.gpickle,2,1
..\gpickle\binarybook_15.gpickle,6,2
..\gpickle\binarybook_16.gpickle,9,10
..\gpickle\binarybook_17.gpickle,0,0
..\gpickle\binarybook_18.gpickle,0,0
..\gpickle\binarybook_19.gpickle,8,10
..\gpickle\binarybook_2.gpickle,0,0
..\gpickle\binarybook_20.gpickle,2,2
..\gpickle\binarybook_21.gpickle,0,0
..\gpickle\binarybook_22.gpickle,3,2
..\gpickle\binarybook_23.gpickle,0,0
..\gpickle\binarybook_24.gpickle,7,8
..\gpickle\binarybook_25.gpickle,3,1
..\gpickle\binarybook_26.gpickle,0,0
..\gpickle\binarybook_3.gpickle,5,0
..\gpickle\binarybook_4.gpickle,7,8
..\gpickle\binarybook_5.gpickle,2,2
..\gpickle\binarybook_6.gpickle,7,8
..\gpickle\binarybook_7.gpickle,7,8
..\gpickle\binarybook_8.gpickle,0,0
..\gpickle\binarybook_9.gpickle,7,8
..\gpickle\binjgb_0.gpickle,29,23
..\gpickle\binjgb_1.gpickle,29,22
..\gpickle\binjgb_2.gpickle,29,18
..\gpickle\binPipe_0.gpickle,5,5
..\gpickle\biscuit_0.gpickle,42,12
..\gpickle\biscuit_1.gpickle,109,33
..\gpickle\biscuit_2.gpickle,42,12
..\gpickle\biteye_0.gpickle,9,10
..\gpickle\bithacks.h_0.gpickle,0,0
..\gpickle\BitPaint_0.gpickle,4,6
..\gpickle\Blast2Bam_0.gpickle,8,5
..\gpickle\Blast2Bam_1.gpickle,25,13
..\gpickle\blastbeat_0.gpickle,44,36
..\gpickle\Blend_0.gpickle,34,11
..\gpickle\Blend_1.gpickle,3,1
..\gpickle\Blend_2.gpickle,3,1
..\gpickle\ble_examples_0.gpickle,20,9
..\gpickle\ble_examples_1.gpickle,20,27
..\gpickle\ble_examples_2.gpickle,20,30
..\gpickle\blislab_0.gpickle,1,2
..\gpickle\blislab_1.gpickle,1,3
..\gpickle\blislab_2.gpickle,2,3
..\gpickle\blislab_3.gpickle,1,3
..\gpickle\blislab_4.gpickle,4,4
..\gpickle\blislab_5.gpickle,5,2
..\gpickle\blislab_6.gpickle,2,4
..\gpickle\blislab_7.gpickle,10,5
..\gpickle\blislab_8.gpickle,2,3
..\gpickle\blogs_code_0.gpickle,2,2
..\gpickle\Bluelog_0.gpickle,6,4
..\gpickle\Bluelog_1.gpickle,28,5
..\gpickle\bluepy_0.gpickle,5,16
..\gpickle\bluez-experiments_0.gpickle,8,3
..\gpickle\bluez-experiments_1.gpickle,5,2
..\gpickle\bluez-experiments_2.gpickle,6,1
..\gpickle\BME280_driver_0.gpickle,6,14
..\gpickle\BMFS_0.gpickle,14,11
..\gpickle\BMFS_1.gpickle,3,3
..\gpickle\BMFS_2.gpickle,9,6
..\gpickle\BMFS_3.gpickle,19,13
..\gpickle\BMFS_4.gpickle,0,0
..\gpickle\BMFS_5.gpickle,11,9
..\gpickle\BMFS_6.gpickle,0,0
..\gpickle\BMFS_7.gpickle,1,1
..\gpickle\bmon_0.gpickle,12,11
..\gpickle\bmpanel2_0.gpickle,11,13
..\gpickle\BMS_0.gpickle,5,3
..\gpickle\bnn-fpga_0.gpickle,65,13
..\gpickle\bnn-fpga_1.gpickle,65,14
..\gpickle\bnn-fpga_2.gpickle,56,15
..\gpickle\bnn-fpga_3.gpickle,9,6
..\gpickle\bnn-fpga_4.gpickle,9,6
..\gpickle\bnn-fpga_5.gpickle,65,12
..\gpickle\bone-lisp_0.gpickle,11,17
..\gpickle\boot-extract_0.gpickle,18,2
..\gpickle\boot9strap_0.gpickle,1,1
..\gpickle\boot9strap_1.gpickle,31,47
..\gpickle\boot9strap_2.gpickle,0,0
..\gpickle\bootchart_0.gpickle,57,8
..\gpickle\BootCtr_0.gpickle,9,10
..\gpickle\Bootrom-Dumper_0.gpickle,3,2
..\gpickle\bootstrap-scheme_0.gpickle,21,9
..\gpickle\bos_0.gpickle,4,4
..\gpickle\bos_1.gpickle,4,3
..\gpickle\bottledwater-pg_0.gpickle,8,9
..\gpickle\bottledwater-pg_1.gpickle,8,9
..\gpickle\bottleneck_0.gpickle,19,10
..\gpickle\boxcutter_0.gpickle,15,3
..\gpickle\boxcutter_1.gpickle,15,6
..\gpickle\boxfs2_0.gpickle,23,11
..\gpickle\boyer-moore-string-search_0.gpickle,2,4
..\gpickle\bpfd_0.gpickle,15,14
..\gpickle\bpfd_1.gpickle,53,14
..\gpickle\BPI-WiringPi_0.gpickle,25,9
..\gpickle\BPI-WiringPi_1.gpickle,0,0
..\gpickle\BPI-WiringPi_10.gpickle,25,7
..\gpickle\BPI-WiringPi_11.gpickle,48,12
..\gpickle\BPI-WiringPi_12.gpickle,25,11
..\gpickle\BPI-WiringPi_13.gpickle,18,14
..\gpickle\BPI-WiringPi_14.gpickle,18,4
..\gpickle\BPI-WiringPi_15.gpickle,18,4
..\gpickle\BPI-WiringPi_16.gpickle,19,9
..\gpickle\BPI-WiringPi_17.gpickle,18,4
..\gpickle\BPI-WiringPi_18.gpickle,25,11
..\gpickle\BPI-WiringPi_19.gpickle,25,7
..\gpickle\BPI-WiringPi_2.gpickle,18,7
..\gpickle\BPI-WiringPi_20.gpickle,25,9
..\gpickle\BPI-WiringPi_21.gpickle,25,10
..\gpickle\BPI-WiringPi_22.gpickle,12,9
..\gpickle\BPI-WiringPi_23.gpickle,25,10
..\gpickle\BPI-WiringPi_24.gpickle,0,0
..\gpickle\BPI-WiringPi_25.gpickle,25,6
..\gpickle\BPI-WiringPi_26.gpickle,25,13
..\gpickle\BPI-WiringPi_27.gpickle,25,10
..\gpickle\BPI-WiringPi_28.gpickle,25,14
..\gpickle\BPI-WiringPi_29.gpickle,25,11
..\gpickle\BPI-WiringPi_3.gpickle,18,4
..\gpickle\BPI-WiringPi_30.gpickle,25,9
..\gpickle\BPI-WiringPi_31.gpickle,9,7
..\gpickle\BPI-WiringPi_32.gpickle,25,9
..\gpickle\BPI-WiringPi_33.gpickle,25,11
..\gpickle\BPI-WiringPi_34.gpickle,25,7
..\gpickle\BPI-WiringPi_35.gpickle,18,4
..\gpickle\BPI-WiringPi_36.gpickle,18,9
..\gpickle\BPI-WiringPi_37.gpickle,18,4
..\gpickle\BPI-WiringPi_38.gpickle,25,10
..\gpickle\BPI-WiringPi_39.gpickle,25,9
..\gpickle\BPI-WiringPi_4.gpickle,25,10
..\gpickle\BPI-WiringPi_40.gpickle,18,6
..\gpickle\BPI-WiringPi_41.gpickle,25,11
..\gpickle\BPI-WiringPi_42.gpickle,25,7
..\gpickle\BPI-WiringPi_43.gpickle,25,8
..\gpickle\BPI-WiringPi_44.gpickle,25,12
..\gpickle\BPI-WiringPi_45.gpickle,25,10
..\gpickle\BPI-WiringPi_46.gpickle,25,9
..\gpickle\BPI-WiringPi_47.gpickle,18,5
..\gpickle\BPI-WiringPi_5.gpickle,25,7
..\gpickle\BPI-WiringPi_6.gpickle,25,6
..\gpickle\BPI-WiringPi_7.gpickle,25,10
..\gpickle\BPI-WiringPi_8.gpickle,1,2
..\gpickle\BPI-WiringPi_9.gpickle,25,9
..\gpickle\Brainfuck_0.gpickle,2,0
..\gpickle\Brainfuck_1.gpickle,36,16
..\gpickle\Brainfuck_10.gpickle,22,5
..\gpickle\Brainfuck_11.gpickle,31,12
..\gpickle\Brainfuck_12.gpickle,7,4
..\gpickle\Brainfuck_13.gpickle,70,24
..\gpickle\Brainfuck_14.gpickle,21,5
..\gpickle\Brainfuck_15.gpickle,22,13
..\gpickle\Brainfuck_16.gpickle,36,17
..\gpickle\Brainfuck_17.gpickle,36,22
..\gpickle\Brainfuck_18.gpickle,24,8
..\gpickle\Brainfuck_2.gpickle,14,0
..\gpickle\Brainfuck_3.gpickle,37,6
..\gpickle\Brainfuck_4.gpickle,8,3
..\gpickle\Brainfuck_5.gpickle,14,6
..\gpickle\Brainfuck_6.gpickle,57,17
..\gpickle\Brainfuck_7.gpickle,78,7
..\gpickle\Brainfuck_8.gpickle,21,13
..\gpickle\Brainfuck_9.gpickle,3,2
..\gpickle\BreezySLAM_0.gpickle,0,0
..\gpickle\bruteforce-luks_0.gpickle,25,8
..\gpickle\bruteforce-salted-openssl_0.gpickle,39,8
..\gpickle\bruteforce-wallet_0.gpickle,25,8
..\gpickle\bruteforcesysent_0.gpickle,9,4
..\gpickle\bsdconv_0.gpickle,11,4
..\gpickle\bsdconv_1.gpickle,46,5
..\gpickle\bsdconv_2.gpickle,8,3
..\gpickle\bsdconv_3.gpickle,11,8
..\gpickle\bsdconv_4.gpickle,12,10
..\gpickle\bsdconv_5.gpickle,11,10
..\gpickle\bsdnt_0.gpickle,9,6
..\gpickle\bsdnt_1.gpickle,12,13
..\gpickle\bsdnt_10.gpickle,7,5
..\gpickle\bsdnt_11.gpickle,2,0
..\gpickle\bsdnt_12.gpickle,9,10
..\gpickle\bsdnt_13.gpickle,7,5
..\gpickle\bsdnt_14.gpickle,9,4
..\gpickle\bsdnt_15.gpickle,9,10
..\gpickle\bsdnt_16.gpickle,11,15
..\gpickle\bsdnt_2.gpickle,9,8
..\gpickle\bsdnt_3.gpickle,9,4
..\gpickle\bsdnt_4.gpickle,9,9
..\gpickle\bsdnt_5.gpickle,9,8
..\gpickle\bsdnt_6.gpickle,2,4
..\gpickle\bsdnt_7.gpickle,7,5
..\gpickle\bsdnt_8.gpickle,9,11
..\gpickle\bsdnt_9.gpickle,2,1
..\gpickle\bspwc_0.gpickle,9,8
..\gpickle\bspwm_0.gpickle,10,3
..\gpickle\bspwm_1.gpickle,107,43
..\gpickle\bspwm_2.gpickle,6,3
..\gpickle\btkbdd_0.gpickle,7,2
..\gpickle\Btree-source-code_0.gpickle,5,3
..\gpickle\btree_db_0.gpickle,12,19
..\gpickle\bucket_engine_0.gpickle,8,7
..\gpickle\bucket_engine_1.gpickle,13,11
..\gpickle\BuddyBox-PPM_0.gpickle,3,9
..\gpickle\buildroot-rbp_0.gpickle,31,20
..\gpickle\buildroot-rbp_1.gpickle,31,24
..\gpickle\buildroot-rbp_2.gpickle,47,4
..\gpickle\buildroot-rbp_3.gpickle,25,6
..\gpickle\buildroot-rbp_4.gpickle,31,24
..\gpickle\buildroot-rbp_5.gpickle,6,5
..\gpickle\buildroot-rbp_6.gpickle,2,2
..\gpickle\buildroot-rbp_7.gpickle,31,24
..\gpickle\buildroot-rbp_8.gpickle,35,5
..\gpickle\buildroot-rbp_9.gpickle,31,28
..\gpickle\BuildYourOwnLispGitbook_0.gpickle,10,8
..\gpickle\BuildYourOwnLispGitbook_1.gpickle,10,7
..\gpickle\BuildYourOwnLispGitbook_2.gpickle,6,3
..\gpickle\BuildYourOwnLispGitbook_3.gpickle,1,0
..\gpickle\BuildYourOwnLispGitbook_4.gpickle,6,3
..\gpickle\BuildYourOwnLispGitbook_5.gpickle,10,10
..\gpickle\BuildYourOwnLispGitbook_6.gpickle,10,8
..\gpickle\BuildYourOwnLispGitbook_7.gpickle,10,7
..\gpickle\BuildYourOwnLispGitbook_8.gpickle,10,8
..\gpickle\bundle_0.gpickle,13,11
..\gpickle\bw_rpi_tools_0.gpickle,3,0
..\gpickle\bw_rpi_tools_1.gpickle,10,4
..\gpickle\bw_rpi_tools_2.gpickle,10,6
..\gpickle\bw_rpi_tools_3.gpickle,25,10
..\gpickle\bw_rpi_tools_4.gpickle,8,5
..\gpickle\bw_rpi_tools_5.gpickle,3,2
..\gpickle\bw_rpi_tools_6.gpickle,9,1
..\gpickle\bypass_0.gpickle,25,15
..\gpickle\bypass_1.gpickle,25,15
..\gpickle\bypass_2.gpickle,25,15
..\gpickle\bypass_3.gpickle,25,15
